lemma,count
derecho,703
fundamental,262
proceso,260
administrativo,228
decisión,224
artículo,211
corte,209
social,206
sala,204
constitucional,198
salud,188
protección,183
libertad,181
tutela,180
acción,178
jurisdicción,177
declarar,176
relacionado,174
conflicto,171
expresión,162
caso,161
juzgado,158
competencia,156
ley,155
deber,150
presente,139
amparo,136
servicio,135
entidad,135
vulnerar,134
medida,133
considerar,132
público,130
judicial,128
violencia,127
accionante,124
circuito,117
persona,113
cumplimiento,113
laboral,111
auto,111
información,110
ordenar,103
regla,103
actor,103
bogotá,99
nacional,98
invocado,98
expediente,97
encontrar,96
garantía,96
concluir,96
nombre,96
accionada,95
controversia,94
penal,93
juez,93
trámite,92
mujer,91
autoridad,91
reiterar,89
general,89
jurisprudencia,88
sentencia,87
demanda,84
seguridad,83
plena,82
decidir,82
objeto,81
verificar,81
jurídico,81
red,80
acto,80
accionado,79
analizar,78
marco,77
principio,77
base,77
temática,76
ministerio,76
precitado,76
órden,75
asunto,75
peticionario,75
requisito,72
relación,72
género,72
vulneración,71
presentar,70
honra,69
presupuesto,69
constitución,68
configuración,67
personal,66
aducir,66
comunidad,65
consecuencia,65
abordar,64
materia,64
corresponder,64
solicitud,63
contenido,63
publicación,63
educación,63
recobro,63
ejercicio,62
pos,61
comunicación,61
institución,61
pago,61
trabajo,61
especial,60
actuación,60
efectivo,60
fallo,60
menor,60
instancia,60
víctima,59
situación,59
nulidad,59
disposición,59
intimidad,58
solicitar,58
objetivo,58
forma,58
condición,57
sexual,57
comunicar,57
interesado,57
eps,57
establecer,56
previsto,56
sección,56
particular,55
revisión,55
actual,55
incurrir,55
nación,54
discriminación,54
decreto,54
vida,54
corporación,54
providencia,53
procedimiento,53
adoptar,53
superior,53
igualdad,52
niño,52
efecto,52
serie,51
legal,50
tribunal,50
pbs,50
impartir,49
incluido,49
carencia,49
dispuesto,49
contencioso,49
delito,48
conocimiento,48
petición,48
resolver,48
lugar,48
disponer,48
función,47
derechos,47
prueba,47
adres,47
alcance,46
inciso,46
actividad,46
política,46
educativo,45
normativo,45
alegar,45
concede,44
cargo,44
año,43
frente,43
desconocer,43
edad,43
cuestionar,43
prestación,42
código,42
cumplir,42
atención,42
tecnología,42
demandado,42
necesario,42
goce,42
actora,42
disciplinario,42
existir,42
acoso,41
norma,41
conducta,41
imagen,41
acceso,41
defecto,41
humanos,41
directo,40
población,40
criterio,40
familia,40
despacho,40
remitir,40
virtud,39
suscitado,39
orden,39
razón,39
mencionado,39
ordinario,39
formulado,39
sentido,38
garantizar,38
seguimiento,38
incluir,38
actuar,38
origen,38
justicia,38
niña,37
ocasión,37
familiar,37
ciudadano,37
numeral,37
subjetivo,37
cuestionado,37
civil,36
reconocimiento,36
tratar,36
publicar,36
análisis,36
grupo,36
procesal,36
negar,35
república,35
sujeto,35
pretensión,35
término,35
estudiante,35
investigación,35
correspondiente,34
presentado,34
denuncia,34
falta,34
involucrado,34
proyecto,34
presunto,34
interés,34
establecido,34
procedencia,34
peticionaria,34
daño,34
elemento,33
tipo,33
conducent,33
permitir,33
fondo,33
responsabilidad,33
municipal,33
programa,32
afectar,32
generar,32
internacional,32
adolescente,32
libre,32
obligación,32
ii,31
miembro,31
recurso,31
causa,31
dignidad,31
hijo,31
tutelado,31
operador,30
fiscalía,30
violación,30
i,30
inconstitucionalidad,30
advertir,30
control,30
colombiano,29
consejo,29
ciudad,29
adelantar,29
previo,29
riesgo,29
internet,29
demandante,29
legislativo,29
plan,28
límite,28
momento,28
colombia,28
factor,28
desarrollo,28
constituir,28
dato,28
empresa,28
proceder,28
sanción,28
configurar,27
prohibición,27
humano,27
defensa,27
proteger,27
partido,27
fáctico,27
dejar,27
obstante,26
medellín,26
tema,26
superintendencia,26
conformidad,26
oral,26
integridad,26
policía,26
fijado,26
privado,26
usuario,25
propósito,25
sistema,25
organización,25
referido,25
contar,25
pretender,25
digital,25
constatar,25
video,25
económico,25
interponer,25
formular,24
indicar,24
imponer,24
confirmar,24
funcionario,24
político,24
facebook,24
discurso,24
accionant,24
carácter,24
necesidad,24
periodista,24
audiencia,24
prensa,24
estudio,24
emergencia,24
contrato,23
subsección,23
beneficiario,23
académico,23
participación,23
material,23
atribuir,23
territorial,23
obtener,23
igualmente,23
respuesta,23
afectación,23
aplicación,23
iii,23
determinar,23
opinión,22
contexto,22
institucional,22
sucesivo,22
afiliado,22
constitucionalidad,22
vivienda,22
precedente,22
sociedad,22
cosa,22
mensaje,22
afirmación,22
resultar,22
argumento,21
concreto,21
exhortar,21
incumplimiento,21
administración,21
ejercer,21
envío,21
fundamento,21
dictar,20
acceder,20
indígena,20
temático,20
argumentar,20
relativo,20
aplicar,20
étnico,20
competente,20
unidad,20
identidad,20
prevención,20
administradora,20
cundinamarca,20
proferido,20
implicar,20
abstener,20
universidad,19
enfoque,19
transición,19
plataforma,19
pena,19
reparación,19
subsidiariedad,19
impedir,19
docente,19
comisión,19
intrafamiliar,19
reserva,19
consumado,19
carga,19
relacionar,19
cuyo,19
notificación,19
escolar,19
superado,19
concedió,19
motivo,18
grave,18
valor,18
parcial,18
estudiar,18
prestado,18
responsable,18
exequibilidad,18
conforme,18
facultad,18
b,18
reconocer,18
referencia,18
mecanismo,18
estricto,18
impuesto,18
precisar,18
suficiente,18
régimen,18
obligatorio,18
concepto,18
adoptado,18
departamento,18
hija,17
c,17
valoración,17
sustantivo,17
escenario,17
adelantado,17
inconstitucional,17
amenaza,17
improcedente,17
omisión,17
asegurar,17
ordinaria,17
especialmente,17
apoyo,17
oportunidad,17
municipio,17
asociación,17
iniciar,17
pronunciamiento,17
tratamiento,17
médico,17
gobierno,17
gestión,17
interior,17
inmediato,17
consulta,17
fe,17
entendido,17
empleador,17
elección,17
técnico,17
pandemia,17
vía,16
tutelante,16
cualquiera,16
demostrar,16
improcedencia,16
representante,16
práctica,16
nivel,16
basado,16
específico,16
autonomía,16
fenómeno,16
indígén,16
existencia,16
declaratoria,16
divulgación,16
cambio,16
juicio,16
sanitas,16
twitter,16
rechazar,16
estatal,16
congreso,16
pueblo,16
militar,16
requerir,16
espacio,16
favor,15
dirigido,15
habeas,15
regular,15
debate,15
violar,15
demandar,15
independiente,15
representación,15
instar,15
legítimo,15
perspectiva,15
naturaleza,15
grado,15
cauca,15
mínimo,15
convivencia,15
valorar,15
vigente,15
ordenamiento,15
discriminatorio,15
madre,15
perjuicio,14
imparcialidad,14
exclusivamente,14
emitir,14
integral,14
autorización,14
afectado,14
demandada,14
web,14
únicamente,14
universitario,14
desconocimiento,14
causado,14
parámetro,14
derivado,14
periódico,14
superar,14
procedibilidad,14
exequible,14
dimensión,14
jurisprudencial,14
periodístico,14
dirección,14
conceder,14
rectificación,14
ámbito,14
asumir,14
seguir,14
formal,14
cabo,14
informar,14
referir,14
expuesto,13
ofrecer,13
venezolano,13
suma,13
litigio,13
perfil,13
formación,13
pertenecer,13
proferir,13
físico,13
distrito,13
joven,13
referente,13
satisfacer,13
fotografía,13
tomar,13
señalar,13
expidir,13
respectivo,13
problema,13
entorno,13
posibilidad,13
financiación,13
autos,13
asignar,13
dirigir,13
canal,13
publicidad,13
argumentativo,13
armado,13
recibir,13
aplicable,13
discapacidad,13
fuero,13
terminación,12
vincular,12
suspensión,12
psicológico,12
interpretación,12
protegido,12
extinto,12
sede,12
inocencia,12
fuerza,12
convocar,12
calidad,12
servidor,12
consideración,12
fundación,12
protocolo,12
sindical,12
económica,12
manifestación,12
alegado,12
ocurrir,12
especialidad,12
acreditar,12
clase,12
único,12
electoral,12
presunción,12
injuria,12
interpuesto,12
atender,12
negó,12
derivar,12
padre,12
matoneo,12
fecha,12
aspecto,12
pertinente,12
documento,12
destacar,12
desempeñar,12
radicar,12
enviar,12
pedir,12
hacer él,11
laicidad,11
personalidad,11
líder,11
prever,11
religioso,11
denegar,11
penitenciario,11
ecológica,11
manifestar,11
colectivo,11
territorio,11
afirmar,11
condenar,11
terminar,11
someter,11
idóneo,11
prisión,11
énfasis,11
lineamiento,11
medicamento,11
brindar,11
otorgar,11
eliminar,11
tributario,11
religión,11
tendient,11
elegir,11
causal,11
declaración,11
denominado,11
divulgar,11
desalojo,11
vulnerado,11
valle,11
distinto,11
industria,11
comercio,11
suscitar,11
circunstancia,11
esquema,11
censura,11
difundir,11
paz,11
proferida,11
promiscuo,11
comité,11
cabeza,11
sanitario,10
abuso,10
reforzado,10
acreditado,10
covid,10
tramitar,10
activo,10
precitada,10
acompañamiento,10
curso,10
consiguiente,10
incumplir,10
beneficio,10
desproporcionado,10
aparecer,10
resolución,10
prevenir,10
inscripción,10
quinta,10
núcleo,10
legitimación,10
mandato,10
directivo,10
carta,10
legalidad,10
antioquia,10
resguardo,10
cosas,10
trabajador,10
página,10
excepción,10
labor,10
acusado,10
duda,10
amparar,10
sancionar,10
queja,10
buscar,10
impugnación,10
importancia,10
calumnia,10
policivo,10
íntimo,10
observar,10
involucrar,10
desarrollar,10
capacidad,10
componente,10
treinta,10
crédito,10
cali,10
emocional,10
colegio,10
producto,10
restricción,10
participar,10
datar,10
excluido,9
procuraduría,9
extinción,9
analizado,9
línea,9
proveído,9
período,9
ausencia,9
impacto,9
probatorio,9
convención,9
absoluto,9
vinculado,9
científico,9
interno,9
instaurado,9
evidenciar,9
requerimiento,9
etapa,9
supuestamente,9
evento,9
calificación,9
deprecado,9
relevancia,9
mental,9
disculpa,9
ocurrencia,9
decretar,9
ajustar,9
exigido,9
identificación,9
unp,9
eje,9
identificar,9
copia,9
padecer,9
odio,9
diligencia,9
regulación,9
esencial,9
entregar,9
nacionalidad,9
diverso,9
migrant,9
defensora,9
promover,9
integrar,9
expedir,9
advertencia,9
normativa,9
resultado,9
respeto,9
digno,9
reparto,9
equipo,9
alto,9
forzado,9
candidato,9
oralidad,9
inmueble,9
aplicar él,9
acerca,9
finalidad,9
contrario,9
electrónico,9
oportuno,9
natural,9
ambiental,9
virtual,8
veracidad,8
publicado,8
efectuar,8
solidario,8
reintegro,8
compañero,8
suministro,8
ocurrido,8
nota,8
notificar,8
originar,8
continuar,8
mantener,8
defensoría,8
individual,8
denunciar,8
principal,8
manejo,8
profesional,8
razonable,8
restablecimiento,8
difusión,8
carcelario,8
ruv,8
fundado,8
fútbol,8
generado,8
examen,8
sangre,8
presidente,8
reiterado,8
vulnerabilidad,8
permanente,8
instaurar,8
senado,8
título,8
culto,8
desplazamiento,8
sector,8
movimiento,8
reunión,8
resolutivo,8
departamental,8
estimar,8
instrumento,8
mes,8
requerido,8
básico,8
presuntamente,8
inpec,8
imputar,8
consentimiento,8
visita,8
cultural,8
vivir,8
informe,8
dominio,8
tutelar,8
hombre,8
evitar,8
respetar,8
sesenta,8
utilizar,8
dinero,8
noticia,8
reglamento,8
herramienta,8
modelo,8
integrante,8
avianca,8
censurado,8
historia,8
aprobación,8
adecuado,8
capacitación,8
ingreso,8
negativo,8
vicio,8
oficial,8
amparado,8
youtube,8
relevante,8
causar,8
despachos,8
implementar,8
estatuto,8
instalación,8
despido,8
pública,8
estatutaria,8
operar,8
sobreviniente,8
representado,8
definir,7
registro,7
inclusión,7
indebido,7
propietario,7
fortalecer,7
funcional,7
distrital,7
evaluación,7
paciente,7
cédula,7
ubicado,7
centro,7
raíz,7
prestar,7
revocar,7
estructural,7
expulsión,7
practicar,7
cometer,7
posterior,7
director,7
modificación,7
condena,7
acudir,7
excepcional,7
democrático,7
contradicción,7
clínico,7
recursos,7
judicatura,7
vital,7
adoptir,7
establecimiento,7
expedición,7
directriz,7
trato,7
diferencia,7
margen,7
tramite,7
traslado,7
investigar,7
alegada,7
intervención,7
orientación,7
incidente,7
desarrollado,7
pretendido,7
defensor,7
país,7
vigilancia,7
persecución,7
controvertir,7
excluir,7
condicionada,7
modificar,7
conexidad,7
organizado,7
pronunciar,7
demá,7
imputado,7
magistrado,7
estrategia,7
celular,7
cese,7
invitar,7
crítica,7
agresión,7
cámara,7
ilegal,7
unión,7
consorcio,7
diferencial,7
difamatorio,7
sistemático,7
entrar,7
acusación,7
futuro,7
entrevista,7
confianza,7
presidencia,7
exponer,7
eficaz,7
retirar,7
transgénero,7
liberalismo,7
cuestionada,7
gasto,7
asistencia,7
ciudadanía,7
cesar,7
estabilidad,7
públicamente,7
prostitución,7
sufrir,7
eci,7
comisaría,7
pérdida,7
propiedad,7
problemática,7
conjunto,7
preventivo,7
hogar,7
equidad,7
renta,7
tensión,7
feminista,7
solicitado,7
agente,7
migratorio,7
ilícito,6
coordinación,6
particularmente,6
encargado,6
delictivo,6
diputado,6
cobertura,6
adulto,6
superación,6
administrativa,6
convocatoria,6
diagnóstico,6
planteado,6
implementación,6
voluntario,6
iv,6
basar,6
actualmente,6
personería,6
revisado,6
mayo,6
ordenado,6
sentencias,6
comprometer,6
número,6
escrito,6
foto,6
preliminar,6
judicialización,6
esfera,6
indemnización,6
estigmatización,6
acompañante,6
motivación,6
trasgredeír,6
defender,6
inicialmente,6
justificar,6
estético,6
ponderación,6
asociado,6
temporal,6
jurisdiccional,6
normatividad,6
exequibles,6
ingresar,6
ruta,6
flagrancia,6
pagar,6
exhorto,6
club,6
citar,6
abstener él,6
cirugía,6
adopción,6
tratar él,6
sentimental,6
noviembre,6
infracción,6
matrícula,6
exigir,6
asamblea,6
preciso,6
dirimir,6
cuarto,6
cuidado,6
agencia,6
zona,6
habitar,6
remisión,6
local,6
haber él,6
verificación,6
especializado,6
conformar,6
inexequible,6
guajira,6
sensible,6
data,6
cobro,6
icbf,6
cometido,6
presentación,6
procedente,6
informativo,6
titular,6
cautelar,6
aéreo,6
procedimental,6
objeción,6
contener,6
cambiar,6
suprema,6
sometido,6
filtración,6
emplear,6
abierto,6
diversidad,6
cpaca,6
erradicar,6
limitar,6
profesión,6
doble,6
proporcionalidad,6
catorce,6
secretaría,6
ejecución,6
lograr,6
santander,6
transporte,6
rectificar,6
acusar,6
antijurídico,6
operación,6
promotora,6
ciudadana,6
periodo,6
erróneo,6
realidad,6
eventual,6
integración,6
americana,6
beneficios,6
abogado,6
aula,6
llegar,6
tiempo,6
aportado,5
instituto,5
legislador,5
puesto,5
trasgresora,5
volver,5
vínculo,5
democracia,5
jornada,5
autónomo,5
aseguradora,5
conllevar,5
calle,5
alcaldía,5
póliza,5
trino,5
censurar,5
retiro,5
contractual,5
estatutario,5
pese,5
extremo,5
residente,5
seguro,5
fosyga,5
deporte,5
coomeva,5
indeterminado,5
gubernamental,5
vih,5
declarado,5
vulnerable,5
arbitrario,5
vigencia,5
resuelto,5
invocar,5
motivar,5
mayoritario,5
bloqueo,5
devolución,5
militancia,5
reservado,5
popular,5
empleado,5
ocasionado,5
barrera,5
resaltar,5
julio,5
reducción,5
jurídica,5
amparada,5
pareja,5
voz,5
enfrentar,5
probado,5
fundamentar,5
ambiente,5
evaluar,5
plaza,5
trabajar,5
independencia,5
turbo,5
escuela,5
asistir,5
frase,5
abusivo,5
cancelar,5
experto,5
permanecer,5
solicitante,5
carecer,5
inexequibles,5
bullying,5
plazo,5
decretado,5
declarar él,5
profesora,5
enmarcar,5
representar,5
rechazo,5
reiteración,5
agravado,5
estándar,5
constitucionalmente,5
diagnosticar,5
llamado,5
aparente,5
jefe,5
procesado,5
explicar,5
potestad,5
veraz,5
flip,5
diseñar,5
grabación,5
dispositivo,5
querer,5
promoción,5
autor,5
justificación,5
junta,5
aislamiento,5
producir,5
casa,5
descrito,5
vinculación,5
testigo,5
recordar,5
señor,5
parecer,5
admisorio,5
surtida,5
contradictorio,5
irregular,5
finalizar,5
transitorio,5
oficioso,5
agrupación,5
solución,5
injustificado,5
comercial,5
negar él,5
comunicado,5
pasiva,5
irregularidad,5
directamente,5
característica,5
residencia,5
reforma,5
reclamo,5
recomendación,5
congresista,5
agresor,5
compilada,5
perpetuo,5
contemplado,5
entender,5
contralor,5
donación,5
sexo,5
comportar,5
comentario,5
firmante,5
específicamente,5
estructura,5
conciliación,5
oficina,5
automático,5
conciencia,5
validez,5
conservar,5
responder,5
ciberacoso,5
ibídem,5
masivo,5
pacto,5
civiles,5
ocupar,5
extraordinario,5
selección,5
perder,5
consagrado,5
ponderado,5
hostigamiento,5
ataque,4
retención,4
implemente,4
pro,4
oficio,4
conformación,4
orientado,4
fiscal,4
pluralismo,4
webcam,4
millón,4
correctivo,4
trasgresión,4
activar,4
emisión,4
expreso,4
literal,4
histórico,4
cartagena,4
metodología,4
domiciliario,4
indefensión,4
predio,4
adicional,4
protesta,4
revisar,4
sostener,4
agotamiento,4
similar,4
índole,4
aerolínea,4
amplio,4
conducir,4
tarifa,4
piar,4
coincidir,4
ende,4
embarazo,4
lenguaje,4
apelación,4
fuente,4
instagram,4
desempeño,4
trece,4
multigrado,4
propuesto,4
consistente,4
exigible,4
liberal,4
motivado,4
interamericana,4
torno,4
atracción,4
extemporáneo,4
luz,4
deportivo,4
actualidad,4
faceta,4
campesino,4
icetex,4
salario,4
común,4
unificación,4
expresar,4
inmediatez,4
salvoconducto,4
señalamiento,4
interpretar,4
vicepresidenta,4
amparan,4
asuntos,4
mitigar,4
rigor,4
prescripción,4
autorizar,4
inicio,4
definitivo,4
avance,4
mixto,4
regir,4
consumidor,4
verso,4
encaminado,4
carcelaria,4
anular,4
migración,4
asimismo,4
hubierir,4
incongruencia,4
plantear,4
patriótica,4
deshonrosa,4
whatsapp,4
nariño,4
debidamente,4
definición,4
consistir,4
josé,4
san,4
texto,4
obrar,4
recaudada,4
falso,4
exceder,4
inhabilidad,4
criminal,4
sitio,4
actualizar,4
jambaló,4
reproche,4
repetición,4
emitido,4
giro,4
disponible,4
máximo,4
compañera,4
respectar,4
interpuestar,4
accidente,4
entrega,4
uribe,4
iniciado,4
compulsar,4
perro,4
pedagógico,4
unilateral,4
justa,4
aprobar,4
alcaldesa,4
rector,4
idea,4
hipótesis,4
reincorporación,4
citado,4
diseñir,4
veinticinco,4
avanzar,4
ejemplo,4
interseccional,4
rechaza,4
eliminación,4
ignorar,4
certeza,4
famisanar,4
directiva,4
impartida,4
valla,4
homicidio,4
calificar,4
ejército,4
culpa,4
políticos,4
maternidad,4
alternativa,4
justo,4
principalmente,4
alcalde,4
promovido,4
actoro,4
seguros,4
alta,4
tierra,4
ineficacia,4
genocida,4
adquirir,4
víctimas,4
provisional,4
prevalencia,4
lícito,4
percibir,4
compañía,4
pis,4
financiero,4
compatible,4
inadmisión,4
parágrafo,4
efectos,4
iglesia,4
acdac,4
realización,4
crisis,4
aprehensión,4
familias,4
rendir,4
interpretar él,4
rama,4
caracterización,4
pasto,4
respetuoso,4
reclusión,4
finalmente,4
estereotipo,4
sustento,4
continuidad,4
consecuente,4
pasar,4
satisfacción,4
domicilio,4
compensación,4
cancelación,4
solidariamente,4
contributivo,4
sisbén,4
permanencia,4
tutelada,4
actuado,4
suministrar,4
determinación,4
simple,4
incidencia,4
desplazado,4
pasivo,4
inicial,4
boletín,4
referir él,4
comprobar,4
señalado,4
ajuste,4
quinto,4
indígenar,4
efectivamente,4
sic,4
costo,4
glosa,4
identificado,4
fidufosyga,4
materialización,4
exclusión,4
previamente,4
descongestión,4
profesor,4
efectuado,4
portal,4
sexto,4
inferior,4
suceder,4
gracia,3
materializar,3
marta,3
santa,3
compuesto,3
tutelan,3
crimen,3
auxilio,3
radio,3
convenio,3
suficiencia,3
levantamiento,3
llamar,3
acta,3
voluntariamente,3
finalización,3
reconocido,3
yerro,3
arbitrariedad,3
ostensible,3
regional,3
pesos,3
matarife,3
militante,3
aportar,3
gravamen,3
universal,3
orgánico,3
telecomunicación,3
perjudicado,3
creer,3
católico,3
ciberbullying,3
ecológico,3
gimnasio,3
soportar,3
ejecutar,3
acorde,3
traslar,3
dueño,3
desleal,3
múltiple,3
jurisdiccionales,3
vélez,3
suerte,3
importante,3
csj,3
cláusula,3
evidenciado,3
donar,3
conjurar,3
rendición,3
recusación,3
álvaro,3
policial,3
antecedente,3
solicitudes,3
d,3
limitación,3
ambiguo,3
prosperidad,3
cuerpo,3
laborales,3
riesgos,3
conjuntamente,3
empresas,3
promotor,3
restitución,3
celebrado,3
implicado,3
consagrar,3
perito,3
ips,3
pleno,3
racial,3
cultura,3
pertenencia,3
registrado,3
excompañero,3
condicionalmente,3
captura,3
empezar,3
real,3
advertido,3
suscrito,3
error,3
creación,3
síndrome,3
caja,3
beneficiaria,3
juzgamiento,3
certificación,3
sindicato,3
concusión,3
bucaramanga,3
condicionado,3
media,3
debatir,3
relleno,3
agilizar,3
presidencial,3
terapia,3
reclamar,3
consejería,3
otorgado,3
proponer,3
prioridad,3
enseñanza,3
preguntar,3
industrial,3
atrás,3
transcurrir,3
enriquecimiento,3
décimo,3
celebración,3
aspersión,3
glifosato,3
mayoría,3
negligencia,3
respectivamente,3
comunero,3
tipicidad,3
cosmovisión,3
preservación,3
uariv,3
indiciado,3
captación,3
expectativa,3
omiteír,3
moción,3
favorabilidad,3
súplica,3
ineptitud,3
compensar,3
afrontar,3
diferenciado,3
ibidem,3
infraestructura,3
caducidad,3
incorporado,3
aprobado,3
interrupción,3
destino,3
beca,3
mesa,3
mención,3
ep,3
agenda,3
abuelos,3
insumos,3
originado,3
custodia,3
concejo,3
transferencia,3
duitama,3
ubicar,3
patrimonial,3
lectivo,3
formalmente,3
rigen,3
cupo,3
investidura,3
centrado,3
noveno,3
reglamentario,3
voto,3
extracontractual,3
mediar,3
automáticamente,3
insubsistencia,3
reto,3
clausura,3
probabilidad,3
surgir,3
auditivo,3
instrucción,3
sucre,3
completo,3
dieciséis,3
parcialmente,3
estimir,3
iniciativa,3
propuesta,3
depender,3
vaga,3
suprimir,3
noticiero,3
ente,3
violatoria,3
quedar,3
permiso,3
persistir,3
corpovisionarios,3
memoria,3
artístico,3
adolescentes,3
garantías,3
tunja,3
categoría,3
quilichao,3
tutor,3
batallón,3
fluvial,3
misión,3
tributación,3
extensivo,3
contravenir,3
destinación,3
femenino,3
excusa,3
extranjero,3
discriminar,3
inter,3
comunis,3
exento,3
dificultad,3
residir,3
rueda,3
dejado,3
prohíbir,3
renuncia,3
sufrido,3
contribuyente,3
suministrado,3
doméstico,3
comunes,3
comprender,3
subsidio,3
obedecer,3
desafío,3
inmerso,3
resto,3
ayuda,3
veinte,3
órgano,3
articulado,3
socio,3
funciones,3
setenta,3
declarativo,3
dnda,3
humanidad,3
condenado,3
aislado,3
veterano,3
vial,3
humanitario,3
poblacional,3
legalmente,3
evidente,3
precario,3
revictimización,3
progenitora,3
fundar,3
obligar,3
mora,3
titulado,3
retirar él,3
tolerancia,3
cne,3
google,3
ampliar,3
infundada,3
intervenir,3
dedicado,3
restablecer,3
psicología,3
indispensable,3
celebrar,3
magistrada,3
ordenir,3
bloquear,3
infringir,3
cartel,3
denunciado,3
quince,3
elevar,3
salir,3
abril,3
activista,3
quitar él,3
funge,3
considerar él,3
subir,3
disminuir,3
neutralidad,3
arma,3
facilitar,3
entrada,3
implementen,3
detención,3
sancionatorio,3
concernir,3
meta,3
impedimento,3
cumplido,3
directora,3
acompañado,3
potable,3
falsedad,3
wayuu,3
perseguir,3
reproducir,3
mercado,3
hospital,3
anotación,3
retractación,3
pronunciar él,3
reiniciar,3
realmente,3
presentar él,3
esposa,3
reproductivo,3
reporte,3
muerte,3
agua,3
planta,3
institucionalidad,3
pacífico,3
exposición,3
trabajadora,3
lgbti,3
versión,3
destruir,3
condenatorio,3
ansiedad,3
violento,3
querella,3
carnal,3
negociación,3
moral,3
celeridad,3
intermediario,3
ameritar,3
exigencia,3
móvil,3
linares,3
externo,3
vinculante,3
sano,3
concurso,3
fallar,3
inconformidad,3
organizar,3
contado,3
conminar,3
determinado,3
hermano,3
utilizado,3
descargo,3
sena,3
devenir,3
injerencia,3
aras,3
testimonio,3
imparcial,3
intentar,3
sesión,3
habitante,3
atlántico,3
intervinient,3
reposición,3
inc,3
suspender,3
programar,3
devolver,3
diario,3
retractar,3
fijar,3
indefinido,3
coordinar,3
despedir,3
dedicar,3
indicar él,3
reportaje,3
sas,3
allegar,3
clasificación,3
punto,3
estudiado,3
novena,3
escrache,3
vecino,3
x,3
legislación,3
tiquet,3
ilegítimo,3
tendenciosa,3
adecuar,3
manual,3
impugnar,3
plantel,3
gozar,3
compartir,3
posición,3
anónimo,3
déficit,3
obra,3
tecnologías,3
antiguo,2
ojo,2
cerrado,2
referida,2
recuperación,2
prerrogativa,2
individualización,2
dificultar,2
recreación,2
brigada,2
multa,2
patrimonio,2
comienzos,2
décima,2
eliminir,2
facultar,2
séptima,2
irremediable,2
conformado,2
establezar,2
octavo,2
circunscribir,2
imposición,2
lactancia,2
armonizar,2
telefonía,2
violatorio,2
papel,2
flexibilizar,2
inducir,2
corrupción,2
preparación,2
normalización,2
resistir él,2
soler,2
campeonato,2
consecutivo,2
diligente,2
comportamiento,2
exceso,2
disfrutar,2
piloto,2
eron,2
boyacá,2
sayp,2
tolerar,2
inseguridad,2
comerciante,2
fortalecimiento,2
desvirtuar,2
incidir,2
afectivo,2
obstrucción,2
aclaración,2
permitir él,2
recepción,2
tornar,2
argumentación,2
provocar,2
comfenalco,2
autorizado,2
versar,2
equivocado,2
lectura,2
premisa,2
peticionara,2
mandataria,2
radial,2
preámbulo,2
extender,2
tolima,2
denegó,2
viabilidad,2
men,2
examinado,2
revictimizar,2
retractar él,2
cincuenta,2
generalizado,2
examinar,2
valledupar,2
finales,2
correr,2
apertura,2
dicha,2
capturar,2
capital,2
sabedores,2
participante,2
platforms,2
consolidar,2
casación,2
micrositio,2
contenida,2
bloque,2
destitución,2
insubsanable,2
ropa,2
factura,2
acompañar,2
genérico,2
gestación,2
ex,2
tuit,2
negocio,2
comunitario,2
acatar,2
empleada,2
preferencia,2
sincelejo,2
gay,2
venezuela,2
dialógico,2
estación,2
ciencias,2
emssanar,2
ess,2
infundado,2
waths,2
doctor,2
correo,2
app,2
renovar,2
atacar,2
prohibido,2
allianz,2
v,2
liderar,2
jóvenes,2
monetario,2
formulir,2
conferido,2
unal,2
firma,2
falla,2
enfermedad,2
agenciado,2
enfermería,2
cuidador,2
asignación,2
cobijar,2
medidas,2
gravedad,2
incitir,2
represalia,2
patrimonialmente,2
ulterior,2
firmar,2
metropolitana,2
personas,2
inconsistencia,2
yarumal,2
llevar él,2
credo,2
predominar,2
adherir,2
elevado,2
consultoría,2
laboralmente,2
pensión,2
aludido,2
consentido,2
desalojar,2
empleo,2
paso,2
colegir,2
razonabilidad,2
inhibió,2
tribal,2
discusión,2
adelanto,2
multicultural,2
agrícola,2
personalmente,2
significar,2
etario,2
abordaje,2
figura,2
intelectual,2
pluricitado,2
verbal,2
fallecido,2
definido,2
desistimiento,2
cultivo,2
penitenciaria,2
centros,2
transitoria,2
difunto,2
agustín,2
huila,2
pauta,2
comparado,2
incapacidad,2
asar,2
lesivo,2
agravación,2
punitivo,2
venta,2
chorizo,2
desigual,2
umbral,2
creencia,2
andamiaje,2
juzgar,2
endilgar,2
cursar,2
apartamento,2
obstáculo,2
embarazado,2
obligado,2
burla,2
susceptible,2
modelaje,2
episodio,2
muro,2
ruptura,2
arbitrio,2
parental,2
desistir,2
practicar él,2
ive,2
materio,2
apliquen,2
psiquiátrico,2
ocultar,2
jerárquico,2
diálogo,2
sexualmente,2
abusar,2
upc,2
corregir,2
deficiencia,2
hospitalario,2
maltrato,2
adscrito,2
prescrita,2
soporte,2
marcha,2
puesta,2
lesión,2
carente,2
físicamente,2
réplica,2
agredir,2
funcionamiento,2
allegado,2
renovación,2
compromiso,2
tránsito,2
agresivo,2
brindarar,2
molestia,2
expresado,2
acreditación,2
detallado,2
determinante,2
plenamente,2
compartido,2
costumbre,2
incoherente,2
manipulación,2
vendedora,2
informal,2
reservar,2
atribuible,2
interpuesta,2
arauca,2
reivindicación,2
enfrento,2
precio,2
tratado,2
geográfico,2
mapuaín,2
adoptar él,2
extemporaneidad,2
interferir,2
extrajudicial,2
indeterminación,2
contabilización,2
visibilizar,2
aliansalud,2
rural,2
irrazonable,2
constituido,2
aeroportuario,2
acusatorio,2
bioseguridad,2
gao,2
organizados,2
ampliado,2
área,2
grupos,2
campo,2
campaña,2
puntual,2
veintiséis,2
autismo,2
sensibilización,2
trans,2
públicas,2
diagnosticado,2
seguido,2
majagual,2
refugiado,2
circular,2
comunicaciones,2
despojar,2
transgredar,2
crítico,2
resocialización,2
actitud,2
desplegado,2
agotar,2
restrictivo,2
acogida,2
afrodescendiente,2
ranking,2
sustancial,2
favorecer,2
venezolana,2
anla,2
suceso,2
inherente,2
trastorno,2
inmediatamente,2
prevalente,2
legalización,2
agosto,2
palacio,2
integralidad,2
solidaridad,2
modalidad,2
prestir,2
personae,2
contratar,2
aseveración,2
máxime,2
erradicación,2
probar,2
tercer,2
quemadura,2
ejecute,2
diseñe,2
superiores,2
ubicación,2
incitar,2
favorable,2
gdo,2
sustanciador,2
orgánica,2
variación,2
prevenir él,2
serio,2
indagación,2
supresión,2
subregla,2
ánimo,2
subcomponente,2
vigésimo,2
técnica,2
audiencias,2
regulado,2
surtar,2
provisión,2
aeropuerto,2
septiembre,2
coronapp,2
resumir,2
nombrar,2
secretario,2
instaurada,2
insistir,2
citación,2
mano,2
belleza,2
complementario,2
traspasar,2
membresía,2
suplir,2
deuda,2
mencionar,2
acreencia,2
impartido,2
vigilar,2
adopte,2
cobranza,2
correctamente,2
pobreza,2
inobservancia,2
concerniente,2
focalización,2
cobrar,2
ampar,2
delegatura,2
barrio,2
sustituir,2
complementar,2
tigo,2
oferta,2
potencial,2
enero,2
rechazarla,2
sospechoso,2
gobernación,2
calamidad,2
reubicación,2
seccional,2
figurar,2
buenaventura,2
retomar,2
alumna,2
junio,2
drástico,2
conclusión,2
postura,2
trasladar él,2
presupuestal,2
ilicitud,2
inhibido,2
planeación,2
imperativo,2
remoto,2
conectividad,2
nuevamente,2
lapso,2
omitir,2
orinoco,2
río,2
discrecional,2
farc,2
concretar,2
ultra,2
banco,2
tengan,2
ilegalidad,2
apoderado,2
indirectamente,2
dolor,2
correlativa,2
consignado,2
transgredeír,2
correlativo,2
conversación,2
radicado,2
reflejar,2
requeír,2
mascota,2
adecuadamente,2
colombiana,2
terapéutico,2
orientador,2
autorregulación,2
materializado,2
habilitar,2
alcohol,2
ingerir,2
bagre,2
diferimiento,2
entregarlo,2
unificado,2
dar él,2
préstamo,2
galán,2
economía,2
cronograma,2
retroceso,2
emisora,2
w,2
compra,2
inspección,2
explotación,2
penetrativa,2
blanco,2
transmitir,2
masculino,2
inaplicar,2
marzo,2
diciembre,2
zed,2
registrar,2
alcanz,2
octubre,2
radical,2
archivo,2
caracol,2
feminicidio,2
adicionar,2
homosexual,2
precepto,2
gravable,2
alguien,2
atribución,2
traducir,2
programir,2
daniel,2
mendoza,2
leal,2
creative,2
bullets,2
codeudor,2
nulicitant,2
diferenciación,2
ampliación,2
categorización,2
significativo,2
trascendente,2
pregunta,2
auxilios,2
cierre,2
tripulante,2
mil,2
pagado,2
hospitalización,2
separar,2
regalía,2
sobreviviente,2
retorno,2
objetiir,2
otorgamiento,2
estupefaciente,2
modulación,2
revisable,2
siquiera,2
peligro,2
salvaguardar,2
reducir,2
demolición,2
restante,2
contagio,2
alivio,2
reabrir,2
vejatoria,2
mensual,2
honorario,2
rechazó,2
enfatizar,2
encuesta,2
optimizar,2
nieto,2
imposibilidad,2
urgente,2
cabina,2
suspender él,2
generalidad,2
entregado,2
pará,2
reiterada,2
do,2
g,2
adoptabilidad,2
sujeción,2
adicionalmente,2
concreción,2
voluntad,2
ejerzar,2
trigésimo,2
adición,2
extensión,2
cerca,2
porte,2
abandono,2
adoptada,2
alojar,2
delinquir,2
concierto,2
pereira,2
petita,2
extra,2
utilidad,2
contrariar,2
asistemático,2
garantizar él,2
tecnológico,2
ratificado,2
configurado,2
retirado,2
l,2
seguidor,2
estudiantil,2
portador,2
concordancia,2
incompetente,2
intensamente,2
errado,2
barrancabermeja,2
prohibir,2
técnicos,2
afiliar él,2
refierar,2
aporte,2
excluyente,2
tradición,2
falaz,2
ofensivo,2
cristiano,2
concedido,2
culminar,2
inexistente,2
luis,2
territoriales,2
manipular,2
sustentado,2
someter él,2
unificar,2
doctrina,2
depresivo,2
negativa,2
suministrar él,2
hoja,2
reposar,2
remitar,2
trauma,2
sustanciadoro,2
guerra,2
dictado,2
rehacer,2
apartadó,2
salvamento,2
financiera,2
estructurar,2
veteranos,2
riohacha,2
nivelación,2
vereda,2
invitación,2
reprobar,2
uribia,2
elegido,2
salón,2
requeer,2
difundar,2
razonables,2
deliberación,2
ajustes,2
pitayó,2
esfuerzo,2
concertación,2
desplegar,2
depresión,2
percepción,2
colaborador,2
surtir,2
accesibilidad,2
alternativo,2
comunicador,2
portar,2
discriminado,2
cumplimento,2
seno,2
lés,2
contrainteligencia,2
firme,2
neutral,2
realizar él,2
riguroso,2
coalición,2
honor,2
mencionada,2
incorporar,2
habilidad,2
inhibidor,2
señal,2
extracurricular,2
punible,2
genocidio,2
enunciado,2
liderazgo,2
imprescriptibilidad,2
trascendental,2
misional,2
espontáneo,2
apartar,2
veintidós,2
rol,2
noticias,2
aplicado,2
recae,2
célere,2
recuperar,2
impulsar,2
alimentación,2
armada,2
escuchar,2
aunado,2
acumulado,2
separación,2
síntesis,2
migrantes,2
prever él,2
articulación,2
documental,2
acumular,2
funcionaria,2
orientar,2
posteriormente,2
calendario,2
alfredo,2
televisión,2
apropiado,2
admitir,2
fallecer,2
producción,2
trasgredir,2
seña,2
elusión,2
productor,2
venezolanos,2
participativo,2
implant,2
reglado,2
biopolímero,2
desplazar,2
presentador,2
mamario,2
ética,2
detectar,2
suponer,2
eficacia,2
variable,1
otero,1
acentuado,1
reportada,1
rigurosamente,1
delegada,1
cubrimiento,1
semipúblico,1
abelardo,1
peligroso,1
horizontal,1
adelantarir,1
despedir él,1
fomentar,1
sharenting,1
verificable,1
pasajero,1
respondiera,1
investigado,1
espriella,1
extravío,1
generales,1
puntualmente,1
homine,1
congruent,1
éxito,1
estadístico,1
consagración,1
efectividad,1
decantado,1
reelección,1
cifra,1
cárcel,1
resolver él,1
coherente,1
craneoencefálico,1
porcentaje,1
exdirector,1
caprichir,1
años,1
reincidir,1
uptc,1
whatsaap,1
gravísimo,1
toxicológica,1
expideír,1
aspirante,1
provisionalmente,1
mando,1
irrespetarlo,1
muestra,1
vaguedad,1
válidamente,1
certificado,1
mar,1
omitierar,1
sancionable,1
retrotraer,1
naturalmente,1
involucrir,1
notarial,1
íntegramente,1
caribe,1
gueír,1
lecciones,1
formar,1
indeterminabl,1
intermediación,1
reenveír,1
productivo,1
inmobiliario,1
exhibir,1
aparte,1
comunista,1
murmuración,1
formas,1
subalterno,1
demorarar,1
avances,1
compraventa,1
contienda,1
indiferente,1
mercados,1
genital,1
campesinos,1
concederla,1
aplico,1
concesión,1
textura,1
padrastro,1
exhibicionismo,1
frutos,1
intimidación,1
inscrito,1
sancionabl,1
unipersonal,1
desmonte,1
cónyuge,1
atravesar,1
queda,1
excluir él,1
comercialización,1
involucrar él,1
cobijado,1
excombatiente,1
parqueadero,1
desenvolver,1
gradual,1
licencias,1
severo,1
fabricato,1
atenuado,1
condón,1
dirigente,1
pantalla,1
extraído,1
publico,1
sífilis,1
sinaltradihitexco,1
natalia,1
acatamiento,1
definar,1
amparó,1
hepatitis,1
desconocido,1
duodécimo,1
organismo,1
enmienda,1
brevedad,1
termos,1
fabricado,1
profesar,1
determine,1
paridad,1
habilitado,1
listado,1
defina,1
elegibl,1
gravidez,1
reprochado,1
china,1
lista,1
estable,1
elaboración,1
aproximación,1
monógama,1
intercultural,1
formativo,1
consumar,1
radiodifusión,1
arquera,1
jugar,1
ambientales,1
infantil,1
torneo,1
capacitar,1
hemovigilancia,1
pony,1
corrección,1
liga,1
masivamente,1
sonoro,1
desprestigiar,1
postal,1
priorización,1
estigmatizar,1
implementarla,1
mayoritariamente,1
varón,1
adaptar,1
instrumentalidad,1
encuentro,1
repasar,1
intenso,1
donantes,1
carrera,1
ángel,1
detalle,1
movido,1
elaborado,1
nulo,1
ira,1
nega,1
lili,1
r,1
inhabilitado,1
relevar,1
focalizar,1
colfuturo,1
tecnológica,1
jarillón,1
mitigable,1
brinde,1
pedagógica,1
asesore,1
designación,1
reubicar,1
mérito,1
censo,1
vegetativo,1
catastral,1
crímenes,1
forzoso,1
titulación,1
levantar,1
prioritario,1
movice,1
ofertar,1
izquierdo,1
estatutos,1
gramatical,1
sujetar él,1
considerarar,1
reactivación,1
enjuiciado,1
interpretativo,1
cimentado,1
craniectomía,1
hermenéutico,1
descompresivo,1
cuarentena,1
irracional,1
restringir,1
notaría,1
desastre,1
folio,1
letra,1
excepcionalmente,1
contravía,1
focalizar él,1
auxiliar,1
cuadro,1
feminización,1
clasificado,1
borrar,1
toma,1
obligada,1
fijo,1
sostenido,1
castigar,1
promedio,1
evaluado,1
autovaloración,1
congregación,1
art,1
hora,1
creyent,1
pañito,1
húmedo,1
patria,1
capacite,1
crema,1
desear,1
respaldado,1
privilegie,1
dogmático,1
encontrarar,1
paro,1
confesión,1
antipañalitis,1
cívico,1
cama,1
regalar,1
transeúnte,1
rehabilitación,1
relevant,1
legitimir,1
representativo,1
abdicación,1
confiar,1
empleadoro,1
indebidamente,1
rigurosidad,1
malestar,1
meramente,1
testimonial,1
indiciario,1
módulo,1
diversa,1
frecuentemente,1
innegable,1
insubsanabl,1
locales,1
administradoras,1
juntas,1
concejal,1
transparencia,1
inexacta,1
positivo,1
delegatario,1
entender él,1
ejecutivo,1
delegación,1
convenios,1
simultáneo,1
senador,1
monto,1
ocasionar,1
preocupación,1
fisioterapeuta,1
humillant,1
oit,1
mundo,1
alegación,1
reparo,1
acostumbrado,1
paternalista,1
irrespetuosa,1
enterar él,1
frágil,1
incapaz,1
electricista,1
turno,1
normalidad,1
aire,1
ratificación,1
adelanten,1
tocar,1
constreñir,1
sesgo,1
miso,1
postre,1
revictimizantir,1
humillación,1
confiable,1
vivido,1
lección,1
indagar,1
victimario,1
automóvil,1
vestido,1
sucedido,1
observar él,1
estipular,1
obrarar,1
intangibilidad,1
desbordar,1
apreciación,1
aceptar,1
durar,1
semana,1
solicitir,1
inyectar,1
ejecutoriado,1
complicación,1
dolencia,1
marginado,1
intrínseco,1
óptica,1
plástico,1
coadyudvancia,1
ampararla,1
mediana,1
liberación,1
correspondierar,1
zenú,1
guardia,1
colaboración,1
continuarar,1
pieza,1
cendoj,1
matrimonio,1
reconvención,1
asignado,1
viciar,1
subsanable,1
aceptación,1
reconstructiva,1
síntoma,1
presión,1
anotado,1
incesto,1
lesa,1
respaldar,1
inminente,1
burocrático,1
retardado,1
estadir,1
intermunicipal,1
desechabl,1
pañal,1
silla,1
subsidiado,1
arista,1
belem,1
pretermiteír,1
estereotipada,1
aprendizaje,1
cátedra,1
escuelas,1
pénsum,1
comandos,1
militares,1
fuerzas,1
comando,1
menciona,1
históricamente,1
condicionar,1
vulneran,1
homenaje,1
activir,1
locomoción,1
descrita,1
justificado,1
carlos,1
der,1
habitacional,1
ocupación,1
copey,1
admitir él,1
parcialmentir,1
concurrir,1
dieciocho,1
econoceír,1
sentado,1
farcep,1
inaplicación,1
caprichoso,1
comparable,1
suspendar,1
aprobatorio,1
aprobatoria,1
precisión,1
perfeccionir,1
consolidado,1
postulado,1
contribuir,1
washington,1
adicionir,1
expido,1
fórmula,1
nacimiento,1
latinoamericano,1
otorgar él,1
atañer,1
coyuntura,1
acuerdos,1
exegéticamente,1
construido,1
inexequibl,1
definitorio,1
humanización,1
acoger,1
extralimitación,1
séptimo,1
veterinario,1
sancionatoria,1
sustantiva,1
retenido,1
epidemiológico,1
coronavirus,1
sospecha,1
talento,1
tabla,1
pagar él,1
protege,1
liquidar él,1
abono,1
retroactivos,1
pensionado,1
contratista,1
deducción,1
incrementar,1
líquido,1
gravar,1
rnnr,1
renovable,1
contraprestación,1
deducir,1
expresamente,1
desvincular,1
arraigo,1
exclusivo,1
burro,1
crear,1
reactivir,1
aprehendir,1
protestar,1
trasladar,1
lancha,1
expulsar,1
crecer,1
arts,1
inhóspito,1
instituida,1
expulsado,1
degradar,1
sometiéndolo,1
signatario,1
concedieron,1
multidimensional,1
impida,1
tolerante,1
asertivo,1
acompañir,1
reactivo,1
profundizar,1
reincorporada,1
conferida,1
descompletar,1
excombatient,1
exigidos,1
conveniencia,1
confrontar,1
juzgada,1
cruel,1
inhumano,1
degradant,1
propugnar,1
sustituto,1
rotar,1
vacío,1
repatriación,1
adoptación,1
solucionar,1
exteriores,1
relaciones,1
conculcado,1
adolescencia,1
infancia,1
adicción,1
estatus,1
justamente,1
socialmente,1
conducente,1
mantenga,1
persistente,1
garante,1
atentado,1
lideresa,1
abandonar,1
funcionalidad,1
expareja,1
tentativa,1
abarcar,1
anunciar,1
rigorós,1
matriz,1
anexo,1
preacuerdo,1
ídem,1
f,1
sugerir,1
brindar él,1
exoneración,1
copago,1
aclarar,1
idónea,1
tratante,1
opción,1
adicionado,1
motivir,1
respetarl,1
reglamentar,1
dependencia,1
carnet,1
vacunación,1
lúdico,1
acatir,1
disperso,1
domiciliaria,1
aba,1
practicado,1
asesoría,1
cuidadora,1
focalizado,1
republica,1
sustracción,1
tenida,1
prescindir,1
abstracto,1
ejemplar,1
correspondar,1
féretro,1
animal,1
campus,1
interesar,1
método,1
usura,1
especulación,1
acaparamiento,1
canasta,1
reintegración,1
prodigar,1
particularidad,1
eminentemente,1
inevitable,1
biológicamente,1
fisiológica,1
regresiva,1
telecomunicaciones,1
girado,1
gratuito,1
adapte,1
aludir,1
condicionda,1
armados,1
delictivos,1
lesionar,1
perjudicar,1
fase,1
contemplar,1
cartera,1
consecución,1
regímén,1
vigésima,1
informar él,1
ayudo,1
revivir,1
vincular él,1
despojo,1
temporalmente,1
mercantil,1
época,1
simultáneamente,1
adverso,1
lactant,1
protejar,1
insinuación,1
tope,1
sanitaria,1
donante,1
donatario,1
capaz,1
destinado,1
controviertir,1
oponer,1
desigualdad,1
vicario,1
eficazmente,1
vulnerada,1
software,1
renovar él,1
contabilizar,1
cuarta,1
ponente,1
consejero,1
iniciar él,1
manifiesto,1
debilidad,1
adeudado,1
totalidad,1
especialista,1
progenitor,1
busca,1
dapre,1
pluralista,1
mencionir,1
parciales,1
priorizar,1
aparezca,1
demora,1
psiquiatría,1
interino,1
alojado,1
escoger,1
continúen,1
completamente,1
norte,1
armónico,1
confluencia,1
lejos,1
legales,1
proyectado,1
deseo,1
mejora,1
licenciamiento,1
convivía,1
asentar,1
anterioridad,1
trazado,1
terciario,1
terciaria,1
mejoramiento,1
colectividad,1
hacienda,1
subdirector,1
evidencia,1
desaparición,1
pluricitada,1
construir,1
internacionales,1
diseño,1
incidentado,1
orien tú,1
socialización,1
construcción,1
licencia,1
perpetración,1
manzur,1
cerro,1
pando,1
arena,1
cantagallo,1
barro,1
columna,1
ministro,1
lucha,1
interseccionalidad,1
activación,1
inducción,1
regresar,1
engañar,1
vejámén,1
prostituir él,1
esposo,1
hospedaje,1
caliente,1
bebida,1
tinto,1
comentar,1
concurrar,1
prieto,1
omisivo,1
habea,1
brecha,1
reemplazar él,1
monopolio,1
resistencia,1
avasallamiento,1
típico,1
descripción,1
duración,1
máscara,1
utilización,1
punibilidad,1
inimputabilidad,1
cero,1
federación,1
dimayor,1
deportes,1
programas,1
inequívoco,1
lesbianismo,1
caldo,1
económicamente,1
inviable,1
visibl,1
vindicar,1
fome,1
mitigación,1
provenir,1
exención,1
corresponsabilidad,1
exime,1
venir,1
inhibirse,1
cómplice,1
frecuencia,1
cnpc,1
olvidar,1
enseñar él,1
escaneado,1
minuto,1
patrulla,1
cai,1
obstaculizar,1
privación,1
colocar,1
huella,1
formulario,1
seleccionado,1
verdaderamente,1
acaecido,1
metro,1
ocupado,1
piendamó,1
caldono,1
presencia,1
multiculturalidad,1
altero,1
concretamente,1
calzada,1
nasa,1
perteneciente,1
mercedes,1
siberia,1
laguna,1
posibilitar,1
incompatible,1
oportunamente,1
inspector,1
portabilidad,1
constitutivo,1
extrañe,1
válido,1
medie,1
aprehender,1
uniformado,1
irresponsabl,1
ajustado,1
intervenido,1
profundo,1
continuación,1
coadyuvado,1
higienir,1
peligrosa,1
penitencia,1
dormir,1
celda,1
llevado,1
resalte,1
persistar,1
realzar,1
caber,1
invisibilización,1
reprochar,1
servidumbre,1
clave,1
tortura,1
duro,1
enlace,1
emprender,1
rebatir,1
oer,1
preservar,1
demandando,1
pormenorizado,1
remedio,1
privada,1
escritora,1
columnista,1
global,1
inexacto,1
desatender,1
criminalidad,1
extranjería,1
cercenamiento,1
disenso,1
desacuerdo,1
intimidatorio,1
mostro,1
entendimiento,1
problemático,1
inscribir,1
carent,1
coherencia,1
claridad,1
transgresión,1
análogo,1
derivir,1
permitierar,1
esclarecer,1
automovilístico,1
percance,1
editar,1
quebrantar,1
posar,1
amplificación,1
destinar,1
impreciso,1
sentir,1
indicación,1
deliberado,1
color,1
paleta,1
logo,1
documentar,1
difundido,1
s,1
contratante,1
calumniosa,1
sexista,1
inacción,1
llenar,1
injustificadamente,1
glosó,1
barranquilla,1
penas,1
correcto,1
incompetencia,1
atribuido,1
resorte,1
demandar él,1
elimine,1
combatir,1
atinent,1
plasmado,1
elaborar,1
publicar él,1
agraviado,1
desnudir,1
semidesnuda,1
lasciva,1
certamen,1
contención,1
paralelamente,1
puros,1
criollos,1
acarrear,1
descontento,1
intención,1
individualizado,1
trazar,1
suicida,1
ideación,1
experimentar,1
credibilidad,1
tarea,1
adviertar,1
injusto,1
sistematizado,1
divulgado,1
uniforme,1
querellante,1
panadería,1
naval,1
debiéndolar,1
marina,1
reputación,1
visualizar,1
sargento,1
cti,1
corbeta,1
rtvc,1
gerente,1
decidirla,1
stickers,1
señorita,1
plano,1
legitimidad,1
titularidad,1
cgp,1
adscribir,1
funcionalmente,1
llamada,1
consumación,1
orgánicamente,1
asimilar,1
autoría,1
aprendiz,1
instructor,1
insaneable,1
trasmitido,1
recopilado,1
morir,1
bata,1
vara,1
proferir él,1
asignir,1
blu,1
cadena,1
populi,1
vargas,1
jorge,1
posterioridad,1
antropología,1
egresado,1
cerrem,1
sujetos,1
limitant,1
adjudicación,1
cita,1
pasquín,1
adquisición,1
cruz,1
sgsss,1
frenir,1
moratorio,1
incluiro,1
rabia,1
esp,1
desprecio,1
cpac,1
tendiente,1
saludcoop,1
pastor,1
demorir,1
observir,1
reprochada,1
existierar,1
cristiana,1
complicidad,1
componer,1
comandante,1
destinatario,1
recibo,1
acuse,1
recepcionir,1
legítima,1
extralimitar,1
adquirido,1
convocante,1
conciliar,1
accidental,1
marcado,1
patrón,1
antijuridico,1
ejercido,1
convertir,1
incoado,1
surgido,1
poblado,1
especialistas,1
clínica,1
asistencial,1
códigos,1
incitación,1
apelar,1
gira,1
risaralda,1
confirmarlo,1
súplico,1
detallar,1
incumplido,1
subsanar,1
naciones,1
unidas,1
americanos,1
penalización,1
ministerios,1
otorgarar,1
iniciador,1
contar él,1
misionero,1
condiciona,1
saldo,1
ver él,1
reemitar,1
capítulo,1
xiv,1
liquidación,1
sociales,1
surtido,1
remanentes,1
manifestado,1
alejandro,1
contextualizar,1
excesivamente,1
trasmitir,1
propiciar,1
cantillo,1
reforzar,1
machista,1
faltar,1
visitar,1
abatimiento,1
llegarir,1
sociología,1
humanas,1
comparta,1
subsidiada,1
decano,1
comunitaria,1
cooperativa,1
servis,1
outsourcing,1
concebir,1
represión,1
mundial,1
sentimiento,1
decretos,1
tic,1
violado,1
abusador,1
penalmente,1
consensuado,1
forzar,1
gravemente,1
vulneracionser,1
generar él,1
huelga,1
subordinante,1
menoscabo,1
enfático,1
intensión,1
tenerla,1
alicoramiento,1
unilateralmente,1
imposibilitado,1
reincorporar,1
trabajadores,1
so,1
asociar,1
afiliar,1
auditiva,1
prótesis,1
capitán,1
rescate,1
coveñas,1
procuradora,1
edición,1
restringir él,1
investido,1
inocencio,1
wikimedia,1
prohibir él,1
omitido,1
litis,1
comoquiera,1
censurar él,1
impedir él,1
plantón,1
cara,1
vulnerador,1
diferenciar,1
mees,1
subtema,1
belém,1
indirecto,1
silenciamiento,1
aparato,1
alentar,1
cubrir,1
procesar,1
morris,1
hollman,1
exceptio,1
veritatis,1
imputación,1
formulada,1
memorialista,1
mace,1
jefa,1
fuerar,1
arbitrariamente,1
revelación,1
fábrica,1
facultades,1
relator,1
oficiar,1
remitido,1
patrullero,1
ideológico,1
formulación,1
consular,1
proponer él,1
habido,1
pontificia,1
continuer,1
javeriana,1
filosófico,1
izquierda,1
seminario,1
materialidad,1
tesis,1
pertinencia,1
proseguir,1
innecesario,1
impertinencia,1
recusar,1
registrador,1
incurso,1
controvertido,1
conyugal,1
marital,1
cuenten,1
lgbtq,1
injuriosa,1
lesbiana,1
odiar,1
castilla,1
urbina,1
ángela,1
maría,1
nororiente,1
gobernar,1
desnaturalizar,1
mintic,1
mentira,1
mauricio,1
meza,1
publicir,1
indigencia,1
presencialidad,1
ceja,1
triple,1
juzgados,1
anticipación,1
prejuzgamiento,1
latente,1
colisión,1
microtráfico,1
relacionándolar,1
ruina,1
ocupante,1
región,1
nítido,1
delgado,1
estrictamente,1
controlar,1
ampliamente,1
vío,1
directorio,1
demócrativo,1
repartir,1
observador,1
práctico,1
injustificada,1
dilación,1
indefinidamente,1
tutoría,1
mensualidad,1
fotográfico,1
encontrar él,1
disciplinado,1
conexión,1
tipificado,1
dividir,1
rechazarlas,1
invalidez,1
adolecir,1
supeditir,1
motiva,1
idéntico,1
reflexión,1
oriente,1
opinar,1
altercado,1
discriminatoria,1
reporteer,1
eficaciar,1
apartar él,1
relatoría,1
lara,1
pedagogía,1
incidierar,1
maicao,1
manaure,1
votación,1
viciado,1
caloto,1
experta,1
peritaj,1
modificado,1
paloquemao,1
conocer él,1
manifiesta,1
referenciar,1
cormepal,1
positivamente,1
narrar,1
cortometraje,1
of,1
proimágenes,1
estímulo,1
generación,1
hablar,1
restituir,1
reflejado,1
casting,1
administrador,1
sabatín,1
cibernético,1
contraste,1
documentado,1
concomitante,1
ordenanza,1
exteriorizar,1
apreciar,1
per,1
generador,1
ejecutado,1
adulterado,1
licor,1
fuego,1
resarcimiento,1
manifestante,1
homólogo,1
fraudulento,1
priori,1
notificado,1
ocampo,1
lizarazo,1
antonio,1
recauda,1
monitoreo,1
validación,1
eastbay,1
matriculación,1
ladrillo,1
recolectar,1
contacto,1
trimestral,1
subordinación,1
aceptable,1
colaboradora,1
ponderar,1
remover,1
minoritario,1
accionista,1
sa,1
millonarios,1
azul,1
descuento,1
noticioso,1
live,1
impartar,1
imponer él,1
reanudir,1
importar,1
extraprocesal,1
pintar,1
facultado,1
piso,1
corresponder él,1
teléfono,1
alusivo,1
radicación,1
comcel,1
pegar,1
acreedor,1
procure,1
deudor,1
parir,1
difunde,1
boleto,1
stereo,1
aerorepública,1
periodismo,1
cine,1
denigrándolo,1
ofender,1
recurrente,1
abiertamente,1
volcánicas,1
averiguación,1
ponencia,1
borrador,1
recoger,1
replicar,1
popularmente,1
concedierar,1
básicamente,1
indemnizatoria,1
indicado,1
ficticio,1
resultir,1
eco,1
reemplazar,1
insegura,1
alumno,1
puntualizar,1
medicina,1
decretir,1
rehagar,1
enfrenar,1
expidierir,1
demostrado,1
plenaria,1
tolerarla,1
landau,1
corporativo,1
sancionado,1
rehusar,1
adoleceír,1
autogobierno,1
retaliación,1
nogal,1
escribir,1
escritor,1
prorrogar,1
sistemáticamente,1
leer,1
prohír,1
tener él,1
estratégico,1
pleito,1
constatación,1
denominar,1
configura,1
probable,1
subrogado,1
merced,1
anonimato,1
cuestionamiento,1
improcedencio,1
atentar,1
parcia,1
mañana,1
you,1
academia,1
kleffner,1
migrante,1
espectro,1
suficientemente,1
rectora,1
necesitar,1
laborar,1
desbloqueo,1
leee,1
planes,1
expedida,1
reemplazo,1
racional,1
valer él,1
trasgredar,1
coaligada,1
alcandía,1
nunc,1
gobernador,1
decoro,1
inclusivo,1
consolidación,1
adaptabilidad,1
fama,1
litigante,1
interactuar,1
primaria,1
deniega,1
novedoso,1
sordo,1
lengua,1
aprendierar,1
tube,1
normalizar,1
extinguir,1
localización,1
ubicar él,1
alcantarillado,1
cisgénerir,1
fonvivienda,1
ministra,1
desacato,1
abrir,1
undécimo,1
popayán,1
sujetar,1
estrecho,1
direccionar,1
cesión,1
vigilado,1
contactar,1
periodicidad,1
horario,1
reportado,1
icfes,1
netamente,1
cognitivo,1
presentara,1
cuadernillo,1
asperger,1
dictamen,1
down,1
constituir él,1
neuropsicológico,1
determín,1
acueducto,1
localizado,1
interposición,1
delimitada,1
dolo,1
disculpar,1
equivalente,1
eximar,1
erogación,1
mutuo,1
predicar,1
reivindicar,1
llc,1
renunciar,1
empleadora,1
suscripción,1
páez,1
esquina,1
empeorar,1
interponar,1
pot,1
delimitado,1
decidido,1
suelo,1
precariedad,1
prodigado,1
estigma,1
circulación,1
autodeterminación,1
concentración,1
perfilamiento,1
incremento,1
exdocente,1
constar,1
transparente,1
deserción,1
rechazarlo,1
hábitat,1
ar,1
subsecretaría,1
científicos,1
comités,1
promotoras,1
libremente,1
reformado,1
evangelizadoro,1
vocación,1
as,1
universitaria,1
aval,1
bienestar,1
proyectos,1
infundadas,1
narcotráfico,1
inmuebl,1
mueble,1
fabricación,1
tráfico,1
calificado,1
hurto,1
extiendar,1
sustitutivo,1
modifico,1
afirmativo,1
gubernamentales,1
reproducción,1
apego,1
regulador,1
apalancar,1
blindado,1
chaleco,1
dejar él,1
sumario,1
desatendeír,1
exequibl,1
acojar,1
sacrificar,1
exalcalde,1
balance,1
diligentemente,1
menguado,1
ayudar,1
tae,1
firmado,1
ahorro,1
excedent,1
prudencia,1
exigibilidad,1
amortización,1
menoscabar,1
ajeno,1
decantar,1
educativos,1
exterior,1
estudios,1
urgencia,1
españa,1
objeciones,1
secretarías,1
acreditir,1
entidades,1
laudo,1
arbitramento,1
fracasar,1
ineficaz,1
arreglo,1
pliego,1
aviadores,1
profierar,1
contratado,1
eludir,1
regularizar,1
regularización,1
creado,1
trova,1
festival,1
interacción,1
ocurrar,1
avalar,1
prevear,1
observancia,1
multilateral,1
preliminarmente,1
nocividad,1
proscrito,1
pueblito,1
loma,1
extendido,1
reclamante,1
ancestral,1
arbitral,1
directa,1
ordenar él,1
amenazar,1
dañoso,1
comprensión,1
retroalimentar,1
impreso,1
guía,1
financiar,1
tablet,1
computador,1
comprar,1
subsistencia,1
insuficiente,1
cómputo,1
bancada,1
susceptibl,1
reintegre,1
favorablemente,1
transitoriamente,1
impugnó,1
tramitado,1
pachón,1
manuel,1
juan,1
precandidato,1
inversión,1
candidatura,1
adjuntar,1
comprendido,1
desvinculación,1
liderado,1
escogencia,1
representantes,1
dios,1
desacatar,1
enfermo,1
amado,1
repotenciar,1
acabar,1
ala,1
instantáneo,1
mensajería,1
micción,1
baño,1
captar,1
desprovista,1
allá,1
darir,1
católica,1
simbólico,1
judicializar,1
garanticir,1
esbozó,1
enfocar,1
convicción,1
lesividad,1
influenciado,1
generalmente,1
lgbtiq,1
verificado,1
autoregulación,1
delimitar,1
asentado,1
sufrimiento,1
frenar,1
retornado,1
ayude,1
corrupto,1
paterno,1
nombramiento,1
alusión,1
proveer él,1
andina,1
marca,1
ltda,1
orquesta,1
guayacán,1
musical,1
tendenciós,1
guardar,1
amenazado,1
cibermatoneo,1
narrado,1
insinuar,1
adujir,1
bachillerato,1
existente,1
escudo,1
desconozcar,1
revictimicir,1
tiendar,1
revictimizante,1
restar,1
subestimar,1
satisfactorio,1
slogan,1
arrendar,1
rom,1
palenquera,1
raizal,1
retirara,1
octava,1
olvido,1
desatención,1
contestación,1
destacados,1
becas,1
preferente,1
cuestionario,1
respondierar,1
expeditar,1
palmira,1
precisado,1
subcuenta,1
extracontractualmente,1
pasivamente,1
comprometida,1
misógín,1
sexualizado,1
infantilizar,1
recaer,1
tocante,1
censurarla,1
inadecuado,1
estarse,1
criticar,1
inhibida,1
alentarla,1
integrado,1
quirúrgico,1
expuesta,1
salvaguarda,1
pma,1
afrocolombiana,1
negro,1
certificar,1
previa,1
vender,1
administrar,1
pecig,1
cataloguir,1
herbicida,1
aérea,1
arrendatario,1
ilícitos,1
cultivos,1
presencial,1
inactividad,1
acontecer,1
humedad,1
tubería,1
residencial,1
empobrecimiento,1
caús,1
rem,1
in,1
veinticuatro,1
veintitrés,1
subrayar,1
desatendeir,1
concernido,1
conflictivo,1
vedado,1
burlesco,1
puerta,1
incontrovertible,1
estrés,1
desempeña,1
formalidad,1
primacía,1
afiliación,1
arl,1
insomnio,1
fuga,1
gas,1
acumulación,1
explotar,1
estufa,1
contingencia,1
redacción,1
pactado,1
transicional,1
añadir,1
presenciar,1
tramitar él,1
cuestión,1
cenza,1
finagro,1
córdoba,1
promuevan,1
desnudo,1
derrumbar,1
eta,1
vejez,1
agudo,1
psicótico,1
alcanzar,1
tutelant,1
concurrencia,1
servir,1
irrespeto,1
denotar,1
influencia,1
espacial,1
gobernadora,1
empoderamiento,1
comenzar,1
and,1
ins,1
aeronáutico,1
asumido,1
alteración,1
formalización,1
significado,1
descarga,1
acaeceír,1
intento,1
especialísimo,1
recolección,1
descargar,1
consentir,1
fiduciaria,1
cafesalud,1
acaecimiento,1
flagrantemente,1
notorio,1
soledad,1
fungeír,1
afianzamiento,1
programado,1
veintiuno,1
den,1
ligado,1
emisor,1
estipulado,1
trascender,1
interferencia,1
privacidad,1
confidencialidad,1
gestant,1
secreto,1
supersalud,1
concomitantemente,1
negativamente,1
correctiva,1
sugerir él,1
tinte,1
sugerencia,1
presteza,1
rente,1
hubierar,1
recaudo,1
obligacional,1
caldas,1
francisco,1
sencillo,1
extenso,1
nuclear,1
lazo,1
cubierto,1
financiada,1
unidades,1
afinidad,1
maltratar,1
armonización,1
gritar,1
respaldir,1
detener él,1
botanilla,1
poniente,1
sol,1
cabildo,1
alimentario,1
gobernanza,1
discurrir,1
yurupari,1
macroterritorio,1
capitación,1
minero,1
dialogar,1
fraude,1
parapolicivo,1
disciplinara,1
configurar él,1
expidar,1
togado,1
botero,1
ramos,1
admisibilidad,1
inculpar,1
limito,1
inexequibilidad,1
